,City,Country,Lat,Lng,Max Temp,% Humidity,% Cloudiness,Wind Speed,Weather Description
0,nishihara,JP,26.1842,127.7558,68.0,77.0,40.0,12.66,scattered clouds
1,vaini,TO,-21.2,-175.2,73.4,88.0,75.0,4.61,broken clouds
2,faya,SA,18.3851,42.4509,75.2,43.0,20.0,12.66,few clouds
4,ushuaia,AR,-54.8,-68.3,51.8,58.0,75.0,6.91,broken clouds
5,berlevag,NO,70.8578,29.0864,33.8,69.0,40.0,13.8,scattered clouds
6,cape town,ZA,-33.9258,18.4232,75.2,46.0,0.0,12.66,clear sky
7,busselton,AU,-33.65,115.3333,62.01,92.0,78.0,5.75,broken clouds
8,westport,US,41.1415,-73.3579,57.99,28.0,1.0,16.11,clear sky
9,carnarvon,AU,-24.8667,113.6333,77.0,78.0,25.0,14.97,scattered clouds
10,coquimbo,CL,-29.9533,-71.3436,68.0,56.0,0.0,9.22,clear sky
11,norman wells,CA,65.282,-126.8329,-11.2,77.0,20.0,2.3,few clouds
12,rikitea,PF,-23.1203,-134.9692,77.31,72.0,97.0,11.77,overcast clouds
13,harper,LR,4.375,-7.7169,84.13,73.0,98.0,7.52,light rain
14,ponta do sol,PT,32.6667,-17.1,64.0,61.0,90.0,7.0,overcast clouds
15,punta arenas,CL,-53.15,-70.9167,48.2,81.0,90.0,11.5,overcast clouds
16,cherskiy,RU,68.75,161.3,-28.53,100.0,45.0,1.83,scattered clouds
17,butaritari,KI,3.0707,172.7902,80.02,74.0,100.0,9.93,overcast clouds
18,lodingen,NO,68.414,15.9951,34.0,93.0,90.0,13.8,snow
19,namatanai,PG,-3.6667,152.4333,79.54,82.0,100.0,4.38,light rain
20,tamiahua,MX,21.2667,-97.45,78.31,64.0,16.0,8.88,few clouds
21,uvalde,US,29.3669,-99.767,73.99,68.0,75.0,11.5,broken clouds
22,half moon bay,US,37.4636,-122.4286,51.8,81.0,90.0,4.74,haze
23,cicero dantas,BR,-10.6,-38.3833,87.06,41.0,72.0,9.69,broken clouds
24,yatou,CN,37.15,122.3833,49.39,44.0,20.0,4.47,few clouds
25,cernay,FR,47.8097,7.177,41.0,75.0,40.0,6.91,scattered clouds
26,berovo,MK,41.7031,22.8578,49.03,75.0,44.0,5.17,scattered clouds
27,albany,US,42.6001,-73.9662,55.99,22.0,1.0,7.78,clear sky
28,port alfred,ZA,-33.5906,26.891,65.84,81.0,100.0,19.89,overcast clouds
29,hermanus,ZA,-34.4187,19.2345,69.01,73.0,99.0,4.0,overcast clouds
30,mwene-ditu,CD,-7.0,23.45,72.97,87.0,42.0,3.09,light rain
31,aasiaat,GL,68.7098,-52.8699,20.84,78.0,100.0,18.01,overcast clouds
32,gat,IL,31.61,34.7642,84.2,17.0,0.0,4.61,clear sky
33,port elizabeth,ZA,-33.918,25.5701,64.4,82.0,40.0,16.11,scattered clouds
34,port augusta,AU,-32.5,137.7667,60.8,88.0,0.0,6.91,clear sky
35,qaanaaq,GL,77.484,-69.3632,3.7,75.0,100.0,1.7,overcast clouds
36,devils lake,US,48.1128,-98.8651,46.0,56.0,1.0,8.05,clear sky
37,foligno,IT,42.944,12.7011,48.2,66.0,75.0,21.85,broken clouds
38,yellowknife,CA,62.456,-114.3525,17.6,86.0,90.0,16.11,snow
39,tilichiki,RU,60.4667,166.1,-2.15,96.0,100.0,8.41,overcast clouds
40,igarka,RU,67.4667,86.5833,33.13,98.0,100.0,10.16,snow
41,dikson,RU,73.5069,80.5464,-4.77,99.0,47.0,5.75,scattered clouds
42,atuona,PF,-9.8,-139.0333,80.2,79.0,53.0,11.34,light rain
43,breaza,RO,45.1833,25.6667,57.0,53.0,92.0,1.99,overcast clouds
44,puerto ayora,EC,-0.7393,-90.3518,79.0,92.0,35.0,4.0,scattered clouds
45,alice springs,AU,-23.7,133.8833,69.01,67.0,6.0,5.75,clear sky
46,lagoa,PT,39.05,-27.9833,59.2,88.0,100.0,21.43,overcast clouds
47,sinnamary,GF,5.3833,-52.95,82.9,74.0,64.0,10.89,broken clouds
50,saint-georges,GD,12.0564,-61.7485,84.2,74.0,40.0,19.57,scattered clouds
51,saint-louis,SN,16.3333,-15.0,109.4,11.0,0.0,2.3,clear sky
52,kruisfontein,ZA,-34.0033,24.7314,64.99,80.0,99.0,5.01,overcast clouds
53,naze,JP,28.3667,129.4833,61.32,59.0,4.0,19.17,clear sky
54,tiksi,RU,71.6872,128.8694,-15.47,97.0,50.0,6.4,scattered clouds
55,esperance,AU,-33.8667,121.9,66.2,94.0,90.0,6.91,overcast clouds
56,luderitz,NA,-26.6481,15.1594,67.75,70.0,0.0,17.9,clear sky
57,talnakh,RU,69.4865,88.3972,29.35,98.0,100.0,3.02,light snow
58,cayenne,GF,4.9333,-52.3333,84.2,74.0,75.0,13.8,broken clouds
59,dombarovskiy,RU,50.7587,59.5386,36.43,99.0,100.0,16.17,overcast clouds
61,mataura,NZ,-46.1927,168.8643,54.0,89.0,98.0,8.99,overcast clouds
62,hobart,AU,-42.8794,147.3294,57.99,94.0,90.0,6.91,overcast clouds
64,hilo,US,19.7297,-155.09,66.2,88.0,90.0,3.44,light rain
65,severo-kurilsk,RU,50.6789,156.125,25.95,74.0,42.0,16.91,scattered clouds
66,aswan,EG,24.0934,32.907,89.17,7.0,0.0,8.81,clear sky
67,hasaki,JP,35.7333,140.8333,46.4,87.0,75.0,10.36,broken clouds
69,marataizes,BR,-21.0433,-40.8244,78.12,67.0,17.0,8.79,few clouds
70,kavieng,PG,-2.5744,150.7967,81.46,76.0,99.0,6.96,overcast clouds
72,kilindoni,TZ,-7.9139,39.6668,81.14,79.0,100.0,19.66,light rain
73,tuktoyaktuk,CA,69.4541,-133.0374,-18.4,76.0,40.0,9.22,scattered clouds
74,samarai,PG,-10.6167,150.6667,81.61,80.0,96.0,9.86,overcast clouds
75,nouadhibou,MR,20.931,-17.0347,77.0,57.0,13.0,16.11,few clouds
76,avarua,CK,-21.2078,-159.775,78.8,78.0,75.0,14.97,broken clouds
77,arman,RU,59.7,150.1667,11.05,91.0,97.0,5.08,overcast clouds
78,ribeira grande,PT,38.5167,-28.7,64.4,72.0,40.0,19.57,scattered clouds
79,bredasdorp,ZA,-34.5322,20.0403,68.0,64.0,100.0,16.11,overcast clouds
80,new norfolk,AU,-42.7826,147.0587,57.99,94.0,90.0,6.91,overcast clouds
81,necochea,AR,-38.5473,-58.7368,79.09,50.0,61.0,11.14,broken clouds
82,castro,BR,-24.7911,-50.0119,72.32,59.0,98.0,0.34,overcast clouds
83,kikwit,CD,-5.041,18.8162,75.7,90.0,94.0,3.11,light rain
84,lata,PT,40.1629,-8.3327,75.99,68.0,20.0,11.5,few clouds
85,geraldton,AU,-28.7667,114.6,69.8,83.0,100.0,4.61,overcast clouds
86,sovetskaya gavan,RU,48.9723,140.2878,33.96,66.0,20.0,5.17,few clouds
87,cabo san lucas,MX,22.8909,-109.9124,75.99,41.0,1.0,4.72,clear sky
88,outjo,NA,-20.1167,16.15,77.34,44.0,54.0,5.26,broken clouds
89,pasighat,IN,28.0667,95.3333,74.41,32.0,0.0,4.72,clear sky
90,saint-philippe,RE,-21.3585,55.7679,82.4,74.0,90.0,5.75,overcast clouds
92,man,CI,7.4125,-7.5538,90.54,48.0,92.0,4.5,light rain
93,ulaanbaatar,MN,47.9077,106.8832,23.0,74.0,0.0,2.24,clear sky
94,tasiilaq,GL,65.6145,-37.6368,23.0,80.0,90.0,6.91,overcast clouds
95,mashhad,IR,36.297,59.6062,66.2,26.0,75.0,9.22,broken clouds
96,sherpur,BD,25.0188,90.0175,85.14,15.0,39.0,6.26,scattered clouds
97,souillac,MU,-20.5167,57.5167,80.6,89.0,40.0,8.7,light rain
98,trelleborg,SE,55.3751,13.1569,41.0,52.0,20.0,12.66,light rain
99,rio grande,BR,-32.035,-52.0986,80.6,74.0,75.0,11.5,broken clouds
100,tshikapa,CD,-6.4167,20.8,77.4,84.0,19.0,5.35,moderate rain
101,yeppoon,AU,-23.1333,150.7333,73.4,88.0,75.0,8.05,broken clouds
102,bandarbeyla,SO,9.4942,50.8122,80.1,59.0,85.0,10.92,overcast clouds
103,kasongo-lunda,CD,-6.4667,16.8167,78.93,81.0,99.0,2.73,light rain
104,yamada,JP,39.4667,141.95,37.33,74.0,100.0,1.48,overcast clouds
105,arraial do cabo,BR,-22.9661,-42.0278,78.8,65.0,40.0,8.05,scattered clouds
106,bluff,NZ,-46.6,168.3333,54.0,89.0,100.0,8.99,overcast clouds
107,benguela,AO,-12.5763,13.4055,84.92,71.0,48.0,8.48,scattered clouds
108,batemans bay,AU,-35.7167,150.1833,66.0,96.0,68.0,3.58,light rain
110,salina,US,38.8403,-97.6114,70.0,72.0,1.0,24.16,clear sky
111,faanui,PF,-16.4833,-151.75,80.4,67.0,100.0,11.16,overcast clouds
112,surt,LY,31.2089,16.5887,63.18,67.0,34.0,9.86,scattered clouds
113,nikolskoye,RU,59.7035,30.7861,37.4,60.0,75.0,8.95,broken clouds
114,acapulco,MX,16.8634,-99.8901,82.4,65.0,40.0,2.3,scattered clouds
116,ryotsu,JP,38.0833,138.4333,48.09,71.0,100.0,4.0,overcast clouds
117,thompson,CA,55.7435,-97.8558,28.4,86.0,90.0,11.5,overcast clouds
118,kaitangata,NZ,-46.2817,169.8464,55.0,71.0,58.0,8.99,broken clouds
119,codrington,AU,-38.2667,141.9667,51.55,94.0,8.0,5.08,clear sky
120,sobolevo,RU,54.4299,31.8996,38.95,61.0,100.0,4.56,light rain
121,lebu,CL,-37.6167,-73.65,57.56,89.0,100.0,9.8,overcast clouds
122,veshenskaya,RU,49.6303,41.7334,46.98,63.0,72.0,7.45,broken clouds
123,saint-denis,FR,48.9167,2.3333,45.0,60.0,75.0,5.75,broken clouds
124,irsha,RU,55.9269,94.7911,34.03,99.0,100.0,3.33,overcast clouds
125,homer,US,59.6425,-151.5483,23.0,39.0,1.0,4.61,clear sky
126,torbay,CA,47.6666,-52.7314,41.0,100.0,90.0,16.11,moderate rain
127,antofagasta,CL,-23.65,-70.4,73.0,72.0,20.0,16.11,few clouds
128,el tigre,VE,8.8875,-64.2454,88.97,43.0,99.0,10.0,overcast clouds
129,malakal,SS,9.5334,31.6605,97.32,7.0,8.0,4.47,clear sky
130,barrow,US,71.2906,-156.7887,-9.4,70.0,1.0,8.05,clear sky
131,cortes,ES,41.9395,-1.4396,62.01,47.0,7.0,25.32,clear sky
132,vila franca do campo,PT,37.7167,-25.4333,62.6,88.0,20.0,9.22,few clouds
133,leningradskiy,RU,69.3833,178.4167,-18.29,97.0,94.0,5.46,overcast clouds
134,saskylakh,RU,71.9167,114.0833,8.33,92.0,100.0,10.89,overcast clouds
135,illela,NG,13.7292,5.2975,104.41,6.0,100.0,5.08,overcast clouds
136,kapaa,US,22.0752,-159.319,71.6,73.0,90.0,21.85,light rain
137,jamestown,US,42.097,-79.2353,63.0,50.0,75.0,6.91,broken clouds
138,dunedin,NZ,-45.8742,170.5036,54.0,80.0,49.0,1.99,scattered clouds
139,hovd,MN,48.0056,91.6419,41.92,23.0,91.0,1.92,overcast clouds
140,hithadhoo,MV,-0.6,73.0833,83.57,65.0,44.0,9.73,scattered clouds
142,ilo,PE,-17.6394,-71.3375,71.6,78.0,0.0,10.36,clear sky
143,olafsvik,IS,64.8945,-23.7142,27.54,62.0,95.0,2.42,overcast clouds
144,khatanga,RU,71.9667,102.5,-2.78,99.0,90.0,6.93,overcast clouds
145,ontario,US,34.0633,-117.6509,55.4,76.0,90.0,2.48,haze
146,todos santos,MX,23.45,-110.2167,82.0,77.0,1.0,3.44,clear sky
147,preobrazheniye,RU,42.9019,133.9064,40.73,74.0,25.0,8.1,scattered clouds
148,upernavik,GL,72.7868,-56.1549,11.08,91.0,100.0,14.25,light snow
149,manokwari,ID,-0.8667,134.0833,78.04,84.0,100.0,3.24,overcast clouds
150,georgetown,MY,5.4112,100.3354,80.6,89.0,20.0,5.75,few clouds
152,halifax,CA,44.6453,-63.5724,48.99,81.0,90.0,10.36,overcast clouds
154,saint george,US,37.1041,-113.5841,60.01,19.0,8.0,4.0,clear sky
155,batagay-alyta,RU,67.8006,130.4114,-25.53,99.0,17.0,6.17,few clouds
156,east london,ZA,-33.0153,27.9116,66.2,77.0,20.0,5.75,few clouds
157,waipawa,NZ,-41.4122,175.5153,53.6,100.0,3.0,4.61,clear sky
158,toppenish,US,46.3774,-120.3087,45.0,48.0,0.0,0.65,clear sky
159,tuatapere,NZ,-46.1333,167.6833,54.0,89.0,100.0,8.99,overcast clouds
161,quatre cocos,MU,-20.2078,57.7625,80.6,89.0,40.0,8.25,scattered clouds
162,formosa,AR,-26.1775,-58.1781,73.4,94.0,75.0,5.75,broken clouds
163,dicabisagan,PH,17.0818,122.4157,74.08,82.0,81.0,8.08,broken clouds
164,ambon,ID,-3.6954,128.1814,81.28,81.0,80.0,4.76,broken clouds
165,puerto madryn,AR,-42.7692,-65.0385,66.6,87.0,100.0,4.56,moderate rain
166,acarau,BR,-2.8856,-40.12,87.13,56.0,100.0,13.51,overcast clouds
167,tura,IN,25.5198,90.2201,77.47,17.0,18.0,4.7,few clouds
168,srednekolymsk,RU,67.45,153.6833,-20.74,95.0,72.0,7.45,broken clouds
169,lerwick,GB,60.1545,-1.1494,35.6,87.0,90.0,34.52,overcast clouds
170,abay,KZ,49.6311,72.8539,33.8,93.0,100.0,2.24,overcast clouds
171,thinadhoo,MV,0.5333,72.9333,82.8,68.0,98.0,7.47,overcast clouds
172,margate,GB,51.3813,1.3862,43.0,35.0,98.0,5.01,overcast clouds
173,alofi,NU,-19.0595,-169.9187,75.2,100.0,90.0,3.44,light rain
174,namibe,AO,-15.1961,12.1522,79.12,74.0,93.0,10.42,overcast clouds
175,yumen,CN,40.2833,97.2,49.12,40.0,3.0,16.06,clear sky
176,los llanos de aridane,ES,28.6585,-17.9182,69.8,68.0,75.0,9.22,broken clouds
178,taua,BR,-5.9667,-40.3,89.26,39.0,100.0,12.64,overcast clouds
179,mishelevka,RU,52.8575,103.1719,32.99,90.0,66.0,3.33,broken clouds
180,alegrete,BR,-29.7831,-55.7919,79.21,59.0,61.0,2.57,broken clouds
181,ostrovnoy,RU,68.0531,39.5131,34.54,96.0,100.0,19.19,overcast clouds
182,nome,US,64.5011,-165.4064,10.4,85.0,90.0,10.36,light snow
183,polis,CY,35.0367,32.4264,69.8,60.0,0.0,4.61,clear sky
184,progreso,MX,21.2833,-89.6667,84.0,57.0,75.0,11.5,broken clouds
186,minusinsk,RU,53.7103,91.6875,35.6,80.0,0.0,4.47,clear sky
187,asau,RO,46.4333,26.4,55.99,23.0,100.0,4.83,overcast clouds
188,dingle,PH,10.9995,122.6711,75.54,86.0,93.0,6.76,overcast clouds
189,port blair,IN,11.6667,92.75,80.87,74.0,16.0,2.84,few clouds
190,metro,ID,-5.1131,105.3067,76.75,83.0,100.0,1.57,overcast clouds
191,davila,PH,18.4726,120.5763,78.8,65.0,20.0,5.75,few clouds
192,avera,US,33.194,-82.5271,79.0,38.0,1.0,4.61,clear sky
193,labuan,MY,5.2767,115.2417,82.4,89.0,40.0,3.44,light rain
194,port moresby,PG,-9.4431,147.1797,77.0,94.0,75.0,4.61,broken clouds
195,airai,TL,-8.9266,125.4092,59.9,88.0,77.0,1.66,broken clouds
196,bow island,CA,49.8668,-111.3684,37.4,69.0,4.0,3.44,clear sky
198,saint andrews,US,34.0454,-81.1293,80.01,24.0,1.0,4.61,clear sky
200,finnsnes,NO,69.2296,17.9811,33.8,93.0,75.0,20.71,light rain and snow
201,narsaq,GL,60.9167,-46.05,35.6,87.0,75.0,6.91,light intensity drizzle rain
202,bengkulu,ID,-3.8004,102.2655,75.76,87.0,99.0,4.9,overcast clouds
203,xingyi,CN,24.1877,102.817,49.8,97.0,98.0,3.38,overcast clouds
204,norrtalje,SE,59.758,18.705,44.01,39.0,0.0,24.16,clear sky
205,kahului,US,20.8947,-156.47,68.0,94.0,90.0,6.91,overcast clouds
206,port lincoln,AU,-34.7333,135.8667,62.89,77.0,0.0,9.57,light rain
207,stornoway,GB,58.2093,-6.3865,37.99,60.0,40.0,19.57,scattered clouds
208,saldanha,ZA,-33.0117,17.9442,77.0,38.0,87.0,10.36,overcast clouds
209,baruun-urt,MN,46.6806,113.2792,34.41,34.0,10.0,6.29,clear sky
210,aklavik,CA,68.2191,-135.0107,-14.8,76.0,75.0,3.44,broken clouds
211,pevek,RU,69.7008,170.3133,-22.11,99.0,100.0,6.53,overcast clouds
212,kodiak,US,57.79,-152.4072,30.2,64.0,1.0,5.75,clear sky
213,north bend,US,43.4065,-124.2243,41.0,93.0,1.0,6.78,clear sky
215,bend,US,44.0582,-121.3153,41.0,51.0,1.0,4.61,clear sky
216,yulara,AU,-25.2406,130.9889,71.6,35.0,0.0,5.75,clear sky
218,shimoda,JP,34.6667,138.95,54.0,46.0,100.0,3.0,light rain
219,taoudenni,ML,22.6783,-3.9836,97.25,6.0,1.0,17.4,clear sky
220,vila velha,BR,-20.3297,-40.2925,81.0,65.0,20.0,13.8,few clouds
221,ganassi,PH,7.8269,124.1034,68.09,92.0,82.0,2.68,broken clouds
222,raudeberg,NO,61.9875,5.1352,39.99,91.0,100.0,32.66,overcast clouds
224,te anau,NZ,-45.4167,167.7167,46.24,93.0,97.0,0.29,overcast clouds
226,benghazi,LY,32.1167,20.0667,62.94,70.0,30.0,14.23,scattered clouds
227,wewak,PG,-3.5534,143.6268,77.88,85.0,97.0,5.97,overcast clouds
228,yantzaza,EC,-3.8278,-78.7594,80.71,63.0,84.0,2.48,light rain
229,mareeba,AU,-17.0,145.4333,77.0,88.0,90.0,4.61,light rain
230,syracuse,IT,37.0881,15.2792,69.8,59.0,20.0,14.97,few clouds
231,banda aceh,ID,5.5577,95.3222,79.34,84.0,100.0,7.29,overcast clouds
232,muisne,EC,0.6,-80.0333,81.66,74.0,73.0,6.69,broken clouds
233,houma,US,29.5958,-90.7195,78.01,69.0,40.0,11.5,scattered clouds
234,okha,RU,53.5739,142.9478,25.83,92.0,100.0,23.82,overcast clouds
235,ozernovskiy,RU,51.5,156.5167,25.02,71.0,47.0,12.5,scattered clouds
236,state college,US,40.7934,-77.86,64.0,41.0,27.0,1.01,scattered clouds
237,anchorage,US,61.2181,-149.9003,12.2,52.0,20.0,4.61,few clouds
238,mountain home,US,43.133,-115.6912,39.2,41.0,1.0,20.71,clear sky
239,colares,PT,38.7992,-9.4469,73.4,63.0,0.0,10.36,clear sky
240,zlobin,HR,45.2924,14.6541,39.2,45.0,90.0,31.07,overcast clouds
241,whitehorse,CA,60.7161,-135.0538,14.0,67.0,90.0,12.66,snow
243,san patricio,US,28.017,-97.5169,80.01,88.0,75.0,16.11,broken clouds
244,wasilla,US,61.5814,-149.4394,12.0,85.0,1.0,3.44,clear sky
245,encarnacion,PY,-27.3333,-55.9,80.6,78.0,75.0,6.91,broken clouds
246,hokitika,NZ,-42.7167,170.9667,54.16,80.0,88.0,3.38,overcast clouds
247,nemuro,JP,43.3236,145.575,33.42,73.0,100.0,9.8,overcast clouds
248,svetlogorsk,BY,52.6333,29.7333,37.83,76.0,100.0,4.03,overcast clouds
249,novouzensk,RU,50.4592,48.1431,37.65,96.0,100.0,15.88,overcast clouds
250,lorengau,PG,-2.0226,147.2712,80.26,82.0,70.0,8.72,broken clouds
251,beringovskiy,RU,63.05,179.3167,-12.77,94.0,22.0,7.14,few clouds
252,ciudad bolivar,VE,8.1222,-63.5497,91.35,43.0,97.0,6.2,overcast clouds
253,mogadishu,SO,2.0371,45.3438,83.1,72.0,1.0,13.56,clear sky
254,nanortalik,GL,60.1432,-45.2371,35.8,97.0,100.0,5.37,light rain
255,ilulissat,GL,69.2167,-51.1,21.2,79.0,75.0,9.22,light snow
256,gemena,CD,3.25,19.7667,83.07,61.0,60.0,3.33,broken clouds
257,ambilobe,MG,-13.2,49.05,76.95,88.0,100.0,1.43,overcast clouds
258,pondicherry,IN,11.93,79.83,80.94,79.0,7.0,10.04,clear sky
259,andenes,NO,69.3143,16.1194,35.6,87.0,75.0,33.38,light rain
260,nombre de jesus,HN,15.35,-86.6833,78.8,73.0,75.0,5.75,broken clouds
261,bethel,US,41.3712,-73.414,57.0,24.0,1.0,14.97,clear sky
262,mar del plata,AR,-38.0023,-57.5575,78.01,88.0,40.0,11.5,scattered clouds
263,olinda,BR,-8.0089,-34.8553,84.2,61.0,40.0,13.8,scattered clouds
264,gualaquiza,EC,-3.4,-78.55,71.11,78.0,95.0,1.39,light rain
265,duluth,US,46.7833,-92.1066,55.0,66.0,1.0,8.05,clear sky
266,torun,PL,53.0137,18.5981,45.0,51.0,96.0,5.01,overcast clouds
268,aberfoyle,AU,-30.2667,152.0167,52.27,96.0,100.0,5.59,overcast clouds
269,tazovskiy,RU,67.4667,78.7,28.38,95.0,97.0,11.34,overcast clouds
270,padang,ID,-0.9492,100.3543,82.4,83.0,20.0,5.75,few clouds
271,gamba,GA,-2.65,10.0,81.41,78.0,100.0,8.1,overcast clouds
272,nyagan,RU,62.1406,65.3936,25.7,93.0,56.0,4.99,broken clouds
273,tambo,PE,-14.8,-73.9167,48.96,52.0,86.0,3.24,overcast clouds
275,isangel,VU,-19.55,169.2667,75.31,81.0,54.0,11.14,broken clouds
276,maceio,BR,-9.6658,-35.7353,87.8,45.0,40.0,5.75,scattered clouds
277,kangaatsiaq,GL,68.3065,-53.4641,18.77,79.0,100.0,20.2,overcast clouds
278,aquiraz,BR,-3.9014,-38.3911,87.8,62.0,40.0,17.27,scattered clouds
279,ugoofaaru,MV,5.6667,73.0,83.52,67.0,7.0,3.02,clear sky
280,noumea,NC,-22.2763,166.4572,79.0,94.0,40.0,2.3,scattered clouds
281,saint-augustin,CA,51.226,-58.6502,40.84,99.0,100.0,15.03,overcast clouds
282,dergaon,IN,26.7,93.9667,78.93,18.0,0.0,7.0,clear sky
283,willowmore,ZA,-33.2926,23.4895,61.05,68.0,57.0,8.77,broken clouds
284,bathsheba,BB,13.2167,-59.5167,84.2,58.0,40.0,17.27,scattered clouds
285,kattivakkam,IN,13.2167,80.3167,82.4,74.0,20.0,5.75,few clouds
286,mahebourg,MU,-20.4081,57.7,80.6,89.0,40.0,8.84,scattered clouds
287,mananjary,MG,-21.2167,48.3333,76.6,83.0,20.0,8.72,light rain
288,sitka,US,57.0531,-135.33,33.8,86.0,90.0,6.91,light rain
290,treinta y tres,UY,-33.2333,-54.3833,79.29,61.0,4.0,8.23,clear sky
291,huilong,CN,31.8111,121.655,57.0,75.0,100.0,1.99,overcast clouds
292,fredericksburg,US,38.3032,-77.4605,71.01,28.0,1.0,2.89,clear sky
293,dongsheng,CN,39.8161,109.9776,42.84,60.0,69.0,7.02,broken clouds
294,port barton,PH,10.4756,119.2472,76.51,88.0,100.0,4.16,overcast clouds
295,sedhiou,SN,12.7081,-15.5569,104.0,22.0,0.0,4.61,clear sky
296,sakakah,SA,29.9697,40.2064,86.0,7.0,0.0,18.41,clear sky
297,port keats,AU,-14.25,129.55,79.09,75.0,7.0,2.46,clear sky
298,severo-yeniseyskiy,RU,60.3725,93.0408,34.57,97.0,100.0,9.24,light rain
299,doka,SD,13.5167,35.7667,99.37,12.0,48.0,7.11,scattered clouds
300,kirakira,SB,-10.4544,161.9205,79.25,84.0,98.0,7.76,overcast clouds
301,quibdo,CO,5.6947,-76.6611,78.55,83.0,100.0,2.86,overcast clouds
302,mackay,AU,-21.15,149.2,75.2,94.0,40.0,3.44,scattered clouds
303,chuy,UY,-33.6971,-53.4616,77.5,61.0,10.0,9.82,clear sky
304,chernyshevskiy,RU,63.0128,112.4714,18.46,97.0,100.0,3.44,overcast clouds
305,jalu,LY,29.0331,21.5482,79.81,30.0,96.0,17.07,overcast clouds
306,buchanan,LR,5.8808,-10.0467,89.6,66.0,75.0,10.36,broken clouds
307,makakilo city,US,21.3469,-158.0858,71.6,68.0,1.0,6.91,clear sky
308,gaoua,BF,10.2992,-3.2508,103.64,15.0,100.0,6.89,overcast clouds
309,mbandaka,CD,0.0487,18.2603,80.53,67.0,96.0,5.19,overcast clouds
310,bafq,IR,31.6128,55.4107,73.18,8.0,0.0,3.76,clear sky
311,gwadar,PK,25.1216,62.3254,81.82,55.0,0.0,8.41,clear sky
312,manakara,MG,-22.1333,48.0167,75.96,80.0,12.0,8.01,few clouds
313,tarauaca,BR,-8.1614,-70.7656,83.3,69.0,98.0,2.04,light rain
314,tucumcari,US,35.1717,-103.725,75.2,10.0,1.0,13.8,clear sky
315,chokurdakh,RU,70.6333,147.9167,-28.01,96.0,72.0,2.89,broken clouds
316,peterhead,GB,57.5058,-1.7981,35.01,75.0,40.0,26.46,snow
319,guerrero negro,MX,27.9769,-114.0611,65.73,66.0,100.0,17.31,overcast clouds
320,axim,GH,4.8699,-2.2405,85.14,71.0,87.0,10.29,overcast clouds
321,lebanon,US,36.2081,-86.2911,75.2,40.0,1.0,4.61,clear sky
322,victoria,HK,22.2855,114.1577,75.0,81.0,64.0,4.0,broken clouds
323,voskresenskoye,RU,56.8381,45.4317,35.24,90.0,87.0,8.93,overcast clouds
324,amahai,ID,-3.3333,128.9167,79.03,80.0,80.0,3.13,broken clouds
325,lethem,GY,3.3803,-59.7968,80.6,78.0,90.0,11.5,overcast clouds
328,road town,VG,18.4167,-64.6167,82.4,65.0,20.0,4.61,few clouds
329,braco do norte,BR,-28.275,-49.1656,84.36,43.0,47.0,4.27,scattered clouds
330,korla,CN,41.7597,86.1469,57.72,24.0,84.0,9.01,broken clouds
331,khilok,RU,51.3674,110.4676,27.41,84.0,100.0,2.93,overcast clouds
332,mount isa,AU,-20.7333,139.5,80.6,44.0,89.0,8.05,overcast clouds
333,lingyuan,CN,41.24,119.4011,51.62,37.0,82.0,8.79,broken clouds
334,shingu,JP,33.7333,135.9833,52.09,92.0,100.0,2.86,overcast clouds
335,lodi,US,38.1302,-121.2725,53.01,79.0,100.0,5.01,overcast clouds
336,boden,SE,65.8252,21.6886,32.0,93.0,0.0,9.22,clear sky
337,teya,RU,60.3778,92.6267,37.27,97.0,100.0,9.48,light snow
339,tahoua,NE,14.8888,5.2692,104.0,6.0,0.0,6.91,clear sky
340,arlit,NE,18.7369,7.3853,101.21,3.0,0.0,4.47,clear sky
341,malaga,ES,36.7202,-4.4203,71.6,56.0,0.0,6.91,clear sky
342,minas novas,BR,-17.2186,-42.5903,82.8,47.0,86.0,5.17,overcast clouds
343,abaza,RU,52.655,90.0928,38.8,96.0,100.0,4.43,light rain
344,kampong thum,KH,12.7111,104.8887,84.72,54.0,40.0,4.74,scattered clouds
345,kambove,CD,-10.8764,26.5969,66.25,93.0,81.0,4.52,light rain
346,karratha,AU,-20.7377,116.8463,82.18,64.0,13.0,1.86,few clouds
347,nantucket,US,41.2835,-70.0995,48.2,71.0,90.0,17.27,overcast clouds
349,iracoubo,GF,5.4802,-53.2011,82.85,73.0,88.0,10.38,overcast clouds
350,omboue,GA,-1.5746,9.2618,81.37,81.0,99.0,9.86,overcast clouds
351,kamenka,RU,51.3223,42.7678,48.0,63.0,92.0,3.29,overcast clouds
352,auch,FR,43.65,0.5833,57.99,37.0,91.0,11.01,overcast clouds
353,omsukchan,RU,62.5333,155.8,1.53,97.0,100.0,2.46,overcast clouds
354,meulaboh,ID,4.1363,96.1285,77.49,87.0,100.0,2.28,overcast clouds
355,baracoa,CU,20.3467,-74.4958,74.41,82.0,99.0,11.05,overcast clouds
356,warmbad,NA,-28.45,18.7333,87.21,20.0,16.0,9.71,few clouds
357,gawler,AU,-34.6,138.7333,59.0,70.0,0.0,10.0,clear sky
358,gashua,NG,12.871,11.0482,103.28,7.0,17.0,8.61,few clouds
359,tigil,RU,57.8,158.6667,11.34,94.0,100.0,3.76,overcast clouds
360,iguape,BR,-24.7081,-47.5553,75.67,81.0,75.0,4.65,broken clouds
362,lazaro cardenas,MX,17.9583,-102.2,83.16,54.0,0.0,3.53,clear sky
363,baykit,RU,61.67,96.37,35.73,99.0,100.0,3.71,overcast clouds
364,prince rupert,CA,54.3161,-130.3201,39.2,100.0,90.0,10.36,light rain
365,cairns,AU,-16.9167,145.7667,77.0,88.0,90.0,4.61,light rain
367,cabedelo,BR,-6.9811,-34.8339,87.8,62.0,40.0,16.11,scattered clouds
368,mayo,US,38.8876,-76.5119,66.99,51.0,40.0,9.22,scattered clouds
369,sechura,PE,-5.5569,-80.8222,78.85,63.0,98.0,8.46,overcast clouds
370,scottsbluff,US,41.8666,-103.6672,37.99,81.0,90.0,9.22,overcast clouds
371,iqaluit,CA,63.7506,-68.5145,14.0,79.0,90.0,4.61,light snow
372,pedernales,DO,18.0384,-71.744,80.46,72.0,100.0,7.14,overcast clouds
373,morgan city,US,29.6994,-91.2068,78.8,65.0,1.0,14.97,clear sky
374,boffa,GN,10.1667,-14.0333,88.07,56.0,28.0,15.28,scattered clouds
375,alihe,CN,50.5667,123.7167,21.99,40.0,0.0,9.04,clear sky
376,abeche,TD,13.8292,20.8324,98.92,8.0,2.0,9.98,clear sky
377,bull savanna,JM,17.8868,-77.5902,81.34,59.0,96.0,4.76,overcast clouds
378,koumac,NC,-20.5667,164.2833,73.89,78.0,99.0,5.77,overcast clouds
379,flinders,AU,-34.5833,150.8552,66.0,93.0,13.0,1.01,light rain
380,san juan,AR,-31.5375,-68.5364,85.6,36.0,0.0,8.43,clear sky
381,sao filipe,CV,14.8961,-24.4956,77.72,59.0,0.0,10.07,clear sky
382,riberalta,BO,-10.9833,-66.1,86.0,74.0,75.0,6.91,broken clouds
384,kiama,AU,-34.6833,150.8667,66.0,93.0,13.0,2.48,light rain
385,chifeng,CN,42.2683,118.9636,46.81,25.0,99.0,12.8,overcast clouds
386,penal,TT,10.1667,-61.4667,88.0,69.0,90.0,7.0,overcast clouds
387,safaga,EG,26.7292,33.9365,87.8,16.0,0.0,2.3,clear sky
388,udachnyy,RU,66.4167,112.4,17.1,95.0,100.0,7.38,light snow
389,manitowoc,US,44.0667,-87.8001,66.0,93.0,20.0,5.75,few clouds
390,vardo,NO,70.3705,31.1107,37.4,60.0,0.0,24.16,clear sky
391,nesna,NO,66.1967,13.0213,39.2,65.0,75.0,23.02,broken clouds
392,bonavista,CA,48.6499,-53.1147,39.2,100.0,100.0,5.75,overcast clouds
393,rio gallegos,AR,-51.6226,-69.2181,51.8,76.0,90.0,26.46,overcast clouds
394,miri,MY,4.4148,114.0089,78.8,94.0,40.0,5.75,light rain
395,meghri,AM,38.9029,46.2446,64.69,44.0,6.0,2.93,clear sky
396,kununurra,AU,-15.7667,128.7333,77.0,88.0,75.0,3.44,broken clouds
397,liberal,US,37.0431,-100.921,69.8,52.0,1.0,19.57,clear sky
398,loanda,AO,-8.8368,13.2343,84.2,79.0,40.0,6.91,moderate rain
399,pisco,PE,-13.7,-76.2167,73.4,73.0,0.0,8.05,clear sky
400,baoding,CN,38.8511,115.4903,54.16,38.0,48.0,7.38,scattered clouds
401,bilma,NE,18.6853,12.9164,97.25,3.0,3.0,6.44,clear sky
402,el reno,US,35.5323,-97.955,70.0,77.0,90.0,28.77,overcast clouds
403,erdaojiang,CN,41.7764,126.0319,41.83,34.0,17.0,1.34,few clouds
404,bambous virieux,MU,-20.3428,57.7575,80.6,89.0,40.0,8.55,scattered clouds
405,broken hill,AU,-31.95,141.4333,60.8,33.0,0.0,5.75,clear sky
407,mogilno,PL,52.6581,17.9558,43.0,52.0,40.0,11.5,light rain
408,nadapuram,IN,11.7,75.6667,79.86,88.0,45.0,3.36,scattered clouds
409,griffith,US,41.5284,-87.4237,73.99,53.0,1.0,10.36,clear sky
410,pontianak,ID,-0.0333,109.3333,77.0,94.0,40.0,3.44,scattered clouds
411,puerto leguizamo,CO,-0.1934,-74.7819,82.35,70.0,99.0,1.83,overcast clouds
412,sao joao da barra,BR,-21.6403,-41.0511,82.4,57.0,40.0,11.5,scattered clouds
413,san andres,CO,12.5847,-81.7006,86.0,62.0,75.0,9.22,broken clouds
414,adrar,MR,20.5022,-10.0711,95.63,9.0,1.0,6.29,clear sky
415,mokhsogollokh,RU,61.4681,128.9203,-18.58,99.0,54.0,1.7,broken clouds
416,ayagoz,KZ,47.9714,80.4392,42.17,68.0,45.0,5.95,scattered clouds
417,bagn,NO,60.8225,9.5521,39.99,60.0,100.0,10.0,overcast clouds
418,fairbanks,US,64.8378,-147.7164,-2.99,76.0,1.0,1.81,clear sky
420,tarakan,ID,3.3,117.6333,80.29,75.0,73.0,1.01,broken clouds
421,kolda,SN,12.8833,-14.95,104.0,22.0,0.0,4.61,clear sky
422,zaysan,KZ,47.4667,84.8667,42.48,80.0,27.0,3.47,scattered clouds
423,puerto ayacucho,VE,5.6639,-67.6236,85.87,62.0,92.0,7.09,overcast clouds
424,vanavara,RU,60.34,102.2797,34.2,98.0,100.0,6.71,overcast clouds
425,tezu,IN,27.9167,96.1667,74.32,28.0,0.0,5.55,clear sky
426,sao jose da coroa grande,BR,-8.8978,-35.1478,83.68,62.0,100.0,9.51,overcast clouds
427,rio verde de mato grosso,BR,-18.9181,-54.8442,93.43,34.0,90.0,3.49,overcast clouds
429,san vicente,AR,-26.6167,-54.1333,66.09,86.0,97.0,2.98,overcast clouds
432,bjornevatn,NO,69.6672,29.9847,33.8,64.0,40.0,14.97,scattered clouds
433,upington,ZA,-28.4478,21.2561,91.4,18.0,20.0,2.3,few clouds
434,pouembout,NC,-21.1333,164.9,70.79,82.0,90.0,5.97,overcast clouds
435,wil,CH,47.4615,9.0455,34.0,75.0,100.0,5.21,light snow
436,yar-sale,RU,66.8333,70.8333,30.0,94.0,100.0,14.14,overcast clouds
437,tual,ID,-5.6667,132.75,83.91,69.0,98.0,7.16,overcast clouds
438,fortuna,US,40.5982,-124.1573,45.0,100.0,1.0,4.61,clear sky
439,xining,CN,36.6167,101.7667,39.79,63.0,97.0,5.64,overcast clouds
440,novoagansk,RU,61.9449,76.6625,32.65,96.0,100.0,4.92,overcast clouds
442,rundu,NA,-17.9333,19.7667,80.71,36.0,69.0,3.38,broken clouds
443,kaduqli,SD,11.0167,29.7167,97.27,8.0,46.0,7.74,scattered clouds
444,parker,US,32.7668,-97.8003,72.0,77.0,91.0,8.99,overcast clouds
445,druzhba,UA,52.0428,33.9453,48.13,63.0,100.0,7.94,overcast clouds
447,camana,PE,-16.6228,-72.7111,74.25,74.0,57.0,10.96,broken clouds
448,constitucion,CL,-35.3333,-72.4167,64.92,64.0,100.0,5.26,overcast clouds
449,port macquarie,AU,-31.4333,152.9167,66.99,99.0,99.0,1.9,overcast clouds
450,emerald,AU,-23.5333,148.1667,73.4,88.0,90.0,9.22,overcast clouds
451,angoche,MZ,-16.2325,39.9086,77.77,64.0,2.0,11.61,clear sky
452,porto santo,PT,33.072,-16.3415,66.2,68.0,20.0,11.5,few clouds
453,deputatskiy,RU,69.3,139.9,-18.31,100.0,91.0,3.71,overcast clouds
455,vidim,RU,56.4088,103.1106,28.53,98.0,59.0,4.25,broken clouds
456,camacupa,AO,-12.0167,17.4833,74.35,66.0,81.0,1.95,broken clouds
457,charters towers,AU,-20.1,146.2667,73.62,69.0,67.0,4.0,broken clouds
458,sorong,ID,-0.8833,131.25,82.08,76.0,93.0,5.17,overcast clouds
459,plettenberg bay,ZA,-34.0527,23.3716,65.48,79.0,85.0,14.88,overcast clouds
460,beyneu,KZ,45.3167,55.2,54.79,54.0,78.0,17.49,broken clouds
461,onega,RU,63.9061,38.1404,34.45,97.0,100.0,11.16,light snow
462,pangnirtung,CA,66.1451,-65.7125,3.2,78.0,20.0,2.3,few clouds
463,wajima,JP,37.4,136.9,48.6,68.0,100.0,3.96,overcast clouds
464,kandrian,PG,-6.2167,149.55,78.1,87.0,100.0,3.09,light rain
465,abu zabad,SD,12.35,29.25,94.41,6.0,33.0,9.6,scattered clouds
466,jacqueville,CI,5.2052,-4.4146,87.8,74.0,20.0,10.36,few clouds
467,ayorou,NE,14.7308,0.9174,105.4,4.0,90.0,6.08,overcast clouds
469,smithers,CA,54.7804,-127.1743,32.0,86.0,90.0,2.13,overcast clouds
470,bitkine,TD,11.9801,18.2138,103.03,7.0,2.0,10.58,clear sky
472,tecoanapa,MX,16.5167,-98.75,85.39,47.0,93.0,2.19,overcast clouds
473,juneau,US,58.3019,-134.4197,33.8,86.0,90.0,6.91,light rain
474,fuxin,CN,42.0156,121.6589,54.41,17.0,99.0,7.43,overcast clouds
476,khani,GE,41.9563,42.9566,55.4,76.0,75.0,14.97,broken clouds
477,kemijarvi,FI,66.7131,27.4306,32.52,77.0,81.0,10.07,broken clouds
478,berezovyy,RU,51.6667,135.7,22.14,90.0,82.0,5.08,snow
479,hambantota,LK,6.1241,81.1185,78.8,83.0,75.0,10.36,broken clouds
480,salalah,OM,17.0151,54.0924,84.2,70.0,0.0,5.75,clear sky
481,murgab,TM,37.4966,61.9714,69.8,37.0,90.0,6.91,overcast clouds
482,girne,CY,35.3417,33.3167,71.6,35.0,0.0,11.5,clear sky
483,sambava,MG,-14.2667,50.1667,80.62,78.0,97.0,2.15,overcast clouds
484,baylo,PH,7.8539,126.0581,73.29,92.0,100.0,1.14,overcast clouds
485,tessalit,ML,20.1986,1.0114,97.25,4.0,0.0,11.65,clear sky
486,shibetsu,JP,43.659,145.132,32.02,81.0,100.0,6.67,overcast clouds
488,lompoc,US,34.6391,-120.4579,48.99,87.0,99.0,5.75,overcast clouds
489,hay river,CA,60.8156,-115.7999,21.2,79.0,100.0,9.22,overcast clouds
490,praia,CV,14.9215,-23.5087,84.2,39.0,0.0,23.02,clear sky
491,selikhino,RU,50.3672,137.4996,27.75,96.0,76.0,3.78,light snow
492,tottori,JP,35.5,134.2333,43.99,82.0,3.0,4.36,clear sky
494,zyryanka,RU,65.75,150.85,-3.98,94.0,100.0,8.77,overcast clouds
495,oussouye,SN,12.485,-16.5469,95.0,69.0,0.0,6.91,clear sky
496,sadovo,BG,42.1333,24.9333,51.01,87.0,90.0,4.61,overcast clouds
497,port hedland,AU,-20.3167,118.5667,75.2,78.0,8.0,5.75,clear sky
499,portland,US,45.5234,-122.6762,44.01,81.0,20.0,3.44,few clouds
500,vigrestad,NO,58.5667,5.7,37.0,94.0,97.0,1.01,light snow
501,xiaoweizhai,CN,26.1903,107.5125,56.52,99.0,100.0,2.28,light rain
503,myitkyina,MM,25.3833,97.4,69.46,69.0,47.0,2.8,scattered clouds
504,cidreira,BR,-30.1811,-50.2056,75.81,69.0,67.0,10.38,broken clouds
505,nogliki,RU,51.8333,143.1667,26.58,95.0,100.0,9.66,overcast clouds
506,prabumulih,ID,-3.45,104.25,74.59,96.0,87.0,2.08,heavy intensity rain
507,singaparna,ID,-7.3515,108.111,73.04,94.0,100.0,1.74,overcast clouds
508,havoysund,NO,70.9963,24.6622,33.8,86.0,75.0,16.11,light snow
509,tortoli,IT,39.9256,9.6572,64.4,32.0,20.0,39.12,few clouds
510,longyearbyen,SJ,78.2186,15.6401,10.4,48.0,20.0,13.8,few clouds
511,anadyr,RU,64.75,177.4833,-14.8,76.0,0.0,8.95,clear sky
513,ilanskiy,RU,56.2358,96.065,33.96,99.0,99.0,3.4,overcast clouds
514,okhotsk,RU,59.3833,143.3,3.65,87.0,37.0,7.4,scattered clouds
515,naryan-mar,RU,67.6713,53.087,35.47,93.0,100.0,16.44,overcast clouds
516,hwange,ZW,-18.3693,26.5019,78.28,47.0,6.0,5.73,clear sky
517,kaminoyama,JP,38.1539,140.2736,43.0,68.0,100.0,2.35,overcast clouds
518,tabuk,PH,17.4189,121.4443,69.53,84.0,13.0,5.91,few clouds
519,jumla,NP,29.2747,82.1838,48.25,66.0,57.0,5.48,broken clouds
520,oktyabrskoye,RU,43.0645,44.7417,50.0,53.0,75.0,13.42,broken clouds
521,rio formoso,BR,-8.6636,-35.1586,84.2,61.0,40.0,13.8,scattered clouds
522,nalut,LY,30.3333,10.85,73.69,19.0,0.0,8.37,clear sky
523,maningrida,AU,-12.0667,134.2667,74.75,76.0,28.0,4.29,scattered clouds
524,coahuayana,MX,18.7333,-103.6833,73.4,78.0,40.0,3.44,scattered clouds
525,kon tum,VN,14.35,108.0,65.86,92.0,37.0,3.31,scattered clouds
526,port-gentil,GA,-0.7193,8.7815,87.8,62.0,40.0,8.05,scattered clouds
527,la palma,US,33.8464,-118.0467,63.0,77.0,90.0,5.91,overcast clouds
528,hofn,IS,64.2539,-15.2082,24.69,42.0,23.0,4.45,few clouds
529,bogande,BF,12.9714,-0.1436,105.46,4.0,99.0,4.76,overcast clouds
530,roma,US,43.2128,-75.4557,54.0,35.0,1.0,8.05,clear sky
531,santa cruz,BO,-17.8,-63.1667,84.2,74.0,75.0,17.27,broken clouds
532,sirohi,IN,24.8833,72.8667,84.47,18.0,0.0,10.71,clear sky
533,sidhi,IN,24.4167,81.8833,89.29,12.0,12.0,3.24,few clouds
534,tocopilla,CL,-22.092,-70.1979,74.3,69.0,14.0,10.49,few clouds
535,mehamn,NO,71.0357,27.8492,35.6,69.0,75.0,26.46,broken clouds
536,seoul,KR,37.5683,126.9778,53.6,76.0,0.0,2.3,haze
537,wiarton,CA,44.7407,-81.1332,59.0,47.0,90.0,12.66,overcast clouds
538,san ramon,US,37.7799,-121.978,51.01,81.0,90.0,6.91,overcast clouds
539,carutapera,BR,-1.195,-46.02,87.21,59.0,58.0,8.99,broken clouds
541,saurimo,AO,-9.6608,20.3916,71.26,83.0,93.0,1.52,light rain
542,baherden,TM,38.4362,57.4316,73.36,24.0,6.0,7.34,clear sky
543,rincon,US,32.296,-81.2354,80.01,29.0,1.0,10.36,clear sky
544,yanam,IN,16.7333,82.2167,82.4,74.0,40.0,4.61,scattered clouds
545,lapua,FI,62.9693,23.0088,35.01,93.0,100.0,4.0,light snow
546,ahipara,NZ,-35.1667,173.1667,62.38,89.0,98.0,9.78,overcast clouds
548,panalingaan,PH,8.7842,117.4231,77.25,82.0,92.0,3.71,overcast clouds
549,celestun,MX,20.8667,-90.4,80.31,53.0,100.0,7.85,overcast clouds
550,kargasok,RU,59.0556,80.8572,33.94,96.0,97.0,15.17,overcast clouds
551,maridi,SS,4.9158,29.4742,69.3,91.0,100.0,2.17,light rain
552,provideniya,RU,64.3833,-173.3,-1.88,90.0,39.0,9.35,scattered clouds
553,la reforma,MX,25.0833,-108.05,78.01,69.0,40.0,5.75,scattered clouds
554,aksarka,RU,66.5606,67.7975,15.19,96.0,25.0,7.25,scattered clouds
555,moyale,KE,3.5167,39.0584,72.57,72.0,77.0,8.23,light rain
556,alyangula,AU,-13.8483,136.4192,71.6,94.0,6.0,2.3,clear sky
557,caravelas,BR,-17.7125,-39.2481,83.23,55.0,23.0,10.27,few clouds
558,winsum,NL,53.33,6.5208,39.0,86.0,99.0,3.0,overcast clouds
560,kortkeros,RU,61.8106,51.5806,41.0,52.0,0.0,8.95,clear sky
561,tahta,EG,26.7693,31.5021,91.4,12.0,0.0,10.36,clear sky
562,ures,MX,29.4333,-110.4,79.0,31.0,15.0,5.01,few clouds
563,praia da vitoria,PT,38.7333,-27.0667,64.0,88.0,75.0,10.71,broken clouds
564,teguise,ES,29.0605,-13.564,69.8,64.0,75.0,8.05,broken clouds
565,nuuk,GL,64.1835,-51.7216,26.6,100.0,75.0,13.8,light snow
566,hamada,JP,34.8833,132.0833,46.99,12.0,1.0,3.0,clear sky
567,vestmannaeyjar,IS,63.4427,-20.2734,30.2,43.0,20.0,13.8,few clouds
568,husavik,IS,66.0449,-17.3389,19.4,58.0,20.0,8.05,few clouds
569,richards bay,ZA,-28.783,32.0377,70.7,87.0,33.0,5.57,scattered clouds
570,sistranda,NO,63.7256,8.834,41.0,75.0,40.0,29.93,scattered clouds
571,manali,IN,13.1667,80.2667,82.4,78.0,17.0,4.61,few clouds
572,chitaga,CO,7.1378,-72.6646,73.4,78.0,75.0,4.61,broken clouds
573,gizo,SB,-8.103,156.8419,82.9,74.0,100.0,8.37,light rain
574,limulunga,ZM,-15.0969,23.1376,77.52,42.0,16.0,5.79,few clouds
575,ilhabela,BR,-23.7781,-45.3581,79.61,64.0,45.0,6.64,scattered clouds
576,oga,IT,46.4631,10.347,35.01,53.0,75.0,8.05,broken clouds
577,coihaique,CL,-45.5752,-72.0662,57.2,77.0,75.0,3.44,light rain
578,noyabrsk,RU,63.1994,75.4507,32.11,99.0,100.0,5.48,light snow
579,tawang,IN,27.5833,91.8667,42.37,75.0,79.0,2.68,broken clouds
580,southbury,US,41.4815,-73.2132,57.0,33.0,1.0,11.5,clear sky
581,ngunguru,NZ,-35.6167,174.5,59.0,94.0,97.0,3.0,overcast clouds
582,iaciara,BR,-14.0958,-46.6317,89.65,41.0,88.0,0.49,overcast clouds
583,kembe,CF,4.6228,21.8865,90.05,38.0,61.0,6.73,broken clouds
584,gayeri,BF,12.6497,0.4931,105.31,4.0,93.0,0.63,overcast clouds
585,roald,NO,62.5833,6.1333,41.0,81.0,75.0,19.57,broken clouds
586,andria,IT,41.2306,16.2909,64.99,39.0,0.0,23.02,clear sky
587,hobyo,SO,5.3505,48.5268,82.9,57.0,15.0,15.61,few clouds
588,morondava,MG,-20.2833,44.2833,78.91,64.0,0.0,13.47,clear sky
589,pochutla,MX,15.7432,-96.4661,87.01,54.0,90.0,3.78,overcast clouds
590,hervey bay,AU,-25.2986,152.8535,69.01,94.0,90.0,4.0,overcast clouds
591,el retorno,CO,2.3302,-72.6276,74.41,94.0,100.0,3.76,overcast clouds
592,koutsouras,GR,35.0339,25.9469,66.99,73.0,32.0,14.65,scattered clouds
593,cedar city,US,37.6775,-113.0619,44.01,55.0,1.0,5.68,clear sky
594,tucuma,BR,-0.1833,-50.05,82.02,78.0,100.0,6.08,overcast clouds
595,ulaangom,MN,49.9811,92.0667,39.61,35.0,68.0,3.42,broken clouds
597,urumqi,CN,43.801,87.6005,55.4,41.0,0.0,6.71,clear sky
598,maraba,BR,-5.3686,-49.1178,89.6,62.0,40.0,3.44,scattered clouds
599,yarmouth,US,41.7057,-70.2286,51.8,54.0,90.0,16.11,overcast clouds
601,zhuzhou,CN,27.8333,113.15,57.2,100.0,90.0,6.71,light rain
602,san cristobal,VE,7.7669,-72.225,84.2,58.0,40.0,9.22,scattered clouds
603,kloulklubed,PW,7.0419,134.2556,77.0,94.0,90.0,3.44,overcast clouds
604,salinas,US,36.6777,-121.6555,53.6,76.0,90.0,5.75,overcast clouds
606,abu dhabi,AE,24.4667,54.3667,77.0,65.0,0.0,10.36,clear sky
607,euclides da cunha,BR,-10.5075,-39.0158,92.64,30.0,25.0,9.46,scattered clouds
608,artyom,AZ,40.4723,50.333,46.4,76.0,0.0,9.22,clear sky
609,kavaratti,IN,10.5669,72.642,84.13,70.0,37.0,9.15,scattered clouds
610,batagay,RU,67.6333,134.6333,-17.23,99.0,52.0,2.89,broken clouds
611,mucuri,BR,-18.0864,-39.5508,80.31,65.0,20.0,10.54,few clouds
612,skibbereen,IE,51.55,-9.2667,44.6,53.0,75.0,18.41,broken clouds
614,andros town,BS,24.7,-77.7667,75.2,50.0,40.0,10.36,scattered clouds
615,ancud,CL,-41.8697,-73.8203,59.0,94.0,90.0,16.11,light rain
616,tatarskaya kargala,RU,51.9495,55.1731,41.0,81.0,40.0,15.66,scattered clouds
617,kutum,SD,14.2,24.6667,89.06,8.0,0.0,12.53,clear sky
618,winston-salem,US,36.0999,-80.2442,77.0,23.0,1.0,12.66,clear sky
619,ballina,AU,-28.8667,153.5667,69.8,94.0,75.0,11.5,light rain
620,takoradi,GH,4.8845,-1.7554,84.79,71.0,78.0,12.88,broken clouds
621,wawa,NG,9.9022,4.4192,101.82,18.0,10.0,2.84,clear sky
622,acari,PE,-15.4311,-74.6158,80.73,59.0,49.0,9.91,scattered clouds
623,zomin,UZ,39.9606,68.3958,53.46,57.0,57.0,4.7,broken clouds
624,general pico,AR,-35.6566,-63.7568,81.57,53.0,1.0,17.76,clear sky
625,vavuniya,LK,8.7514,80.4971,74.66,87.0,9.0,4.03,clear sky
626,moguer,ES,37.2756,-6.8385,73.99,50.0,96.0,8.99,overcast clouds
627,ermoupolis,GR,37.4423,24.9425,66.2,63.0,0.0,18.41,clear sky
628,sao felipe,BR,-14.8167,-41.3833,88.72,37.0,42.0,9.6,scattered clouds
629,peleduy,RU,59.6289,112.7406,28.74,97.0,100.0,4.92,light snow
630,sabha,LY,27.0377,14.4283,85.15,16.0,2.0,7.09,clear sky
631,simao,CN,22.7886,100.9748,51.96,99.0,82.0,0.76,broken clouds
632,lasem,ID,-6.6922,111.4527,77.52,90.0,100.0,6.08,overcast clouds
633,develi,TR,38.3906,35.4922,64.4,27.0,75.0,9.22,broken clouds
636,garowe,SO,8.4054,48.4845,84.06,24.0,76.0,17.72,broken clouds
638,laguna,US,38.421,-121.4238,54.0,87.0,1.0,4.61,clear sky
639,whangamata,NZ,-37.2,175.8667,60.01,83.0,44.0,5.01,scattered clouds
640,lavrentiya,RU,65.5833,-171.0,-10.32,95.0,11.0,8.16,few clouds
641,itaqui,BR,-29.1253,-56.5531,77.77,63.0,31.0,10.2,scattered clouds
643,kuytun,RU,54.3419,101.5036,29.14,99.0,82.0,2.57,broken clouds
644,dakar,SN,14.6937,-17.4441,78.8,57.0,0.0,11.5,clear sky
645,moose factory,CA,51.2585,-80.6094,41.0,48.0,1.0,5.75,light rain
646,anloga,GH,5.7947,0.8973,89.6,66.0,20.0,14.97,few clouds
647,ketchikan,US,55.3422,-131.6461,39.2,100.0,90.0,5.75,light rain
648,japura,ID,-0.3167,102.35,73.83,98.0,95.0,1.32,moderate rain
649,opuwo,NA,-18.0607,13.84,86.79,27.0,47.0,9.15,scattered clouds
650,clyde river,CA,70.4692,-68.5914,10.4,72.0,75.0,14.97,broken clouds
651,conakry,GN,9.538,-13.6773,81.73,78.0,13.0,18.86,few clouds
652,salavat,RU,53.3837,55.9077,37.26,89.0,99.0,9.4,overcast clouds
653,kropotkin,RU,45.4375,40.5756,53.01,61.0,30.0,3.8,scattered clouds
654,goba,ET,7.0167,39.9833,52.86,91.0,69.0,0.78,light rain
655,sampit,ID,-2.5333,112.95,76.95,92.0,100.0,3.04,overcast clouds
656,haines junction,CA,60.7522,-137.5108,12.2,73.0,100.0,8.05,light snow
657,mlonggo,ID,-6.5333,110.7,78.6,88.0,100.0,8.21,overcast clouds
659,yaqui,MX,27.3667,-110.1667,77.0,31.0,40.0,5.75,scattered clouds
660,cabra,ES,37.4725,-4.4421,80.6,26.0,0.0,4.61,clear sky
661,havelock,US,34.8791,-76.9013,75.99,38.0,1.0,11.5,clear sky
662,bongor,TD,10.2806,15.3722,105.55,8.0,9.0,8.46,clear sky
663,sestri levante,IT,44.2732,9.3968,61.0,11.0,40.0,16.11,scattered clouds
664,pringsewu,ID,-5.3582,104.9744,73.85,89.0,100.0,3.06,overcast clouds
665,ozatlan,SV,13.3833,-88.5,91.4,38.0,0.0,11.5,clear sky
666,marfino,RU,55.7028,37.3822,50.0,46.0,0.0,6.71,light rain
667,camacha,PT,33.0833,-16.3333,66.2,68.0,20.0,11.5,few clouds
668,watsa,CD,3.0372,29.5355,70.79,77.0,96.0,4.43,light rain
669,galle,LK,6.0367,80.217,79.3,79.0,1.0,5.17,clear sky
670,general roca,AR,-39.0333,-67.5833,73.4,56.0,0.0,3.44,clear sky
671,sibolga,ID,1.7427,98.7792,76.93,89.0,92.0,2.62,overcast clouds
672,broome,US,42.2506,-75.833,57.99,25.0,1.0,9.22,clear sky
673,pimenta bueno,BR,-11.6725,-61.1936,84.45,74.0,97.0,2.51,overcast clouds
674,petatlan,MX,17.5167,-101.2667,86.0,62.0,1.0,4.7,clear sky
675,changji,CN,44.0167,87.3167,55.4,41.0,0.0,6.71,clear sky
676,luanda,AO,-8.8368,13.2343,84.2,74.0,20.0,13.8,moderate rain
677,handan,CN,36.6006,114.4678,56.46,46.0,100.0,3.74,overcast clouds
678,moerai,PF,-22.4333,-151.3333,76.75,69.0,100.0,6.76,overcast clouds
679,bassano,CA,50.7834,-112.4685,37.4,69.0,18.0,4.61,few clouds
680,gallikos,GR,40.8592,22.8756,61.0,72.0,67.0,1.01,broken clouds
681,tokur,RU,53.1333,132.9,12.92,96.0,100.0,2.13,light snow
682,vallenar,CL,-28.5708,-70.7581,81.25,29.0,0.0,5.77,clear sky
683,hami,CN,42.8,93.45,59.85,23.0,64.0,11.16,broken clouds
684,boundiali,CI,9.5217,-6.4869,97.23,24.0,94.0,3.33,overcast clouds
685,aba,NG,5.1066,7.3667,93.2,66.0,75.0,11.5,broken clouds
687,bermeo,ES,43.4209,-2.7215,50.0,62.0,75.0,10.36,broken clouds
688,dunda,TZ,-8.1167,34.25,67.6,88.0,76.0,2.57,moderate rain
689,balezino,RU,57.9796,53.0106,28.31,94.0,69.0,4.99,broken clouds
690,uyuni,BO,-20.4597,-66.825,56.7,24.0,6.0,6.58,clear sky
691,vilhena,BR,-12.7406,-60.1458,86.0,62.0,40.0,4.61,scattered clouds
692,pingxiang,CN,27.6167,113.85,57.67,96.0,100.0,3.0,light rain
693,agadez,NE,19.75,10.25,96.73,4.0,0.0,5.03,clear sky
694,bairiki,KI,1.3292,172.9752,78.8,94.0,90.0,2.3,overcast clouds
695,klaksvik,FO,62.2266,-6.589,28.4,64.0,75.0,24.16,light rain
696,fare,PF,-16.7,-151.0167,79.47,69.0,100.0,11.88,overcast clouds
697,biscarrosse,FR,44.3945,-1.1672,51.8,35.0,0.0,16.11,clear sky
698,marawi,PH,7.9986,124.2928,78.01,84.0,87.0,4.0,overcast clouds
699,tsabong,BW,-26.0217,22.401,82.54,33.0,77.0,11.41,broken clouds
700,khandyga,RU,62.6667,135.6,-24.16,100.0,24.0,1.86,few clouds
701,paamiut,GL,61.994,-49.6678,33.33,97.0,100.0,6.58,light rain
702,suoyarvi,RU,62.0833,32.35,32.38,74.0,59.0,12.88,light snow
703,sisimiut,GL,66.9395,-53.6735,25.43,77.0,99.0,14.79,overcast clouds
704,nefteyugansk,RU,61.0998,72.6035,33.8,100.0,75.0,15.66,snow
705,kondinskoye,RU,59.6481,67.41,32.02,89.0,84.0,9.75,broken clouds
706,carberry,CA,49.8689,-99.3602,44.6,53.0,20.0,5.75,few clouds
707,maracaju,BR,-21.6144,-55.1683,94.82,27.0,68.0,4.68,broken clouds
708,gummersbach,DE,51.0333,7.55,35.01,83.0,100.0,4.0,light snow
709,sorrento,IT,40.626,14.3744,61.0,82.0,40.0,13.8,light rain
710,grevena,GR,40.0845,21.4274,61.0,48.0,52.0,6.91,broken clouds
711,sao lourenco do sul,BR,-31.3653,-51.9783,80.6,69.0,75.0,12.66,broken clouds
713,lagunas,PE,-5.2269,-75.6753,82.56,76.0,83.0,0.43,broken clouds
714,sioux lookout,CA,50.1001,-91.917,41.0,65.0,20.0,9.22,few clouds
715,sotouboua,TG,8.5667,0.9833,95.0,55.0,75.0,4.61,broken clouds
716,kalach-na-donu,RU,48.691,43.5264,46.4,76.0,40.0,13.42,scattered clouds
717,falan,CO,5.1156,-74.9489,73.9,82.0,100.0,4.85,overcast clouds
719,lagonoy,PH,13.7342,123.5207,75.04,80.0,98.0,4.0,overcast clouds
720,requena,ES,39.4883,-1.1004,69.01,79.0,0.0,12.77,clear sky
721,monrovia,LR,6.3005,-10.7969,89.6,66.0,75.0,10.36,broken clouds
724,turayf,SA,31.6725,38.6637,80.6,14.0,4.0,23.02,clear sky
725,maniitsoq,GL,65.4167,-52.9,26.82,79.0,79.0,5.03,broken clouds
726,puerto escondido,MX,15.85,-97.0667,82.4,65.0,75.0,2.71,broken clouds
727,bakal,RU,54.9417,58.8083,29.71,93.0,60.0,4.23,broken clouds
728,igrim,RU,63.1906,64.4162,24.89,94.0,12.0,3.51,few clouds
729,ferrol,ES,43.4832,-8.2369,59.0,10.0,53.0,18.99,broken clouds
730,ibra,OM,22.6906,58.5334,81.7,30.0,0.0,11.05,clear sky
731,voh,NC,-20.9667,164.7,69.66,83.0,99.0,5.61,overcast clouds
732,keti bandar,PK,24.1447,67.4497,81.91,71.0,0.0,16.51,clear sky
733,lasa,IT,46.6166,10.7002,51.8,40.0,40.0,8.05,scattered clouds
734,buraydah,SA,26.326,43.975,84.2,15.0,0.0,8.05,clear sky
735,ewo,CG,-0.8725,14.8206,86.59,59.0,75.0,4.85,broken clouds
736,hainichen,DE,50.9667,13.1167,37.99,87.0,79.0,1.01,moderate rain
737,ulagan,RU,50.6321,87.9563,30.09,82.0,35.0,2.42,scattered clouds
738,san juan del rio,MX,20.3833,-100.0,69.8,37.0,75.0,5.75,broken clouds
739,sarakhs,IR,36.5449,61.1577,75.2,19.0,0.0,4.61,clear sky
740,port-cartier,CA,50.0334,-66.8654,46.4,93.0,90.0,9.22,overcast clouds
742,ponnani,IN,10.767,75.9252,84.2,74.0,40.0,2.3,haze
743,natal,BR,-5.795,-35.2094,89.6,58.0,40.0,10.36,scattered clouds
744,bonthe,SL,7.5264,-12.505,84.27,71.0,89.0,12.24,overcast clouds
745,buala,SB,-8.145,159.5921,79.0,84.0,100.0,8.16,moderate rain
746,gorkovskiy,RU,45.6542,41.199,49.82,62.0,24.0,5.37,few clouds
747,honningsvag,NO,70.9821,25.9704,33.8,86.0,75.0,16.11,light snow
748,alangayam,IN,12.6,78.75,77.29,56.0,25.0,4.05,scattered clouds
749,araouane,ML,18.9048,-3.5265,98.44,3.0,0.0,10.74,clear sky
750,mansfield,GB,53.1333,-1.2,36.0,77.0,100.0,1.01,overcast clouds
751,tuy hoa,VN,13.0833,109.3,74.82,92.0,97.0,3.8,overcast clouds
752,vrangel,RU,42.7297,133.0839,41.61,70.0,11.0,9.08,few clouds
753,chanute,US,37.6792,-95.4572,71.6,64.0,20.0,25.32,few clouds
754,wanning,CN,18.8003,110.3967,75.0,89.0,40.0,7.65,scattered clouds
755,poya,NC,-21.35,165.15,72.45,81.0,98.0,4.99,overcast clouds
756,ishigaki,JP,24.3448,124.1572,69.26,66.0,0.0,22.44,clear sky
757,valparaiso,CL,-33.0393,-71.6273,68.0,55.0,0.0,2.3,clear sky
758,tutoia,BR,-2.7619,-42.2744,93.2,49.0,0.0,11.5,clear sky
